{"id":0,"name":"REGIONAL EPIC COMEBACK","total_movie":24,"motion_movie":[{"id":2,"name":"START INIT"},{"id":39,"name":"Gerak Pembuka"},{"id":8,"name":"JALAN A1"},{"id":40,"name":"SIBAK ATAS"},{"id":41,"name":"SETELAH SALAM"},{"id":42,"name":"NGIBAS SLEBEW"},{"id":14,"name":"JALAN A2 NAIK"},{"id":16,"name":"1/2 SALAM B1"},{"id":17,"name":"TRANSISI B1"},{"id":18,"name":"MEKAR CYCLING"},{"id":19,"name":"SETELAH SALAM B1"},{"id":20,"name":"JALAN B1"},{"id":22,"name":"SRISIG"},{"id":24,"name":"ARM CYCLING"},{"id":25,"name":"TRANSISI B2"},{"id":26,"name":"JALAN B2 TURUN"},{"id":28,"name":"MENDAYU SYAHDU"},{"id":29,"name":"MEGOL DUDUK"},{"id":30,"name":"MT TRANSISI"},{"id":31,"name":"JALAN C1"},{"id":33,"name":"SALAM PENUTUP"},{"id":34,"name":"LEPAS MASKER"},{"id":35,"name":"CUCI TANGAN2"},{"id":36,"name":"FINAL POSE"}]}