{"MOVIE":[{"id":0,"name":"START INIT","total_unit":1,"motion_unit":[{"id":1,"speed":1.0,"loop":1}]},{"id":1,"name":"INIT 2","total_unit":1,"motion_unit":[{"id":1,"speed":1.0,"loop":1}]},{"id":2,"name":"INIT 3","total_unit":1,"motion_unit":[{"id":1,"speed":1.0,"loop":1}]},{"id":3,"name":"INIT 4","total_unit":1,"motion_unit":[{"id":1,"speed":1.0,"loop":1}]},{"id":4,"name":"INIT 5","total_unit":1,"motion_unit":[{"id":1,"speed":1.0,"loop":1}]},{"id":5,"name":"GERAK PEMBUKA V2","total_unit":4,"motion_unit":[{"id":3,"speed":1.0,"loop":1},{"id":9,"speed":1.0,"loop":1},{"id":13,"speed":1.5,"loop":1},{"id":4,"speed":1.0,"loop":1}]},{"id":6,"name":"IRAMA GENDANG","total_unit":1,"motion_unit":[{"id":8,"speed":1.0,"loop":1}]},{"id":7,"name":"GERAK PEMBUKA","total_unit":5,"motion_unit":[{"id":3,"speed":1.0,"loop":1},{"id":9,"speed":1.2,"loop":1},{"id":15,"speed":1.0,"loop":1},{"id":11,"speed":1.0,"loop":1},{"id":10,"speed":1.0,"loop":1}]},{"id":8,"name":"JALAN A1","total_unit":6,"motion_unit":[{"id":58,"speed":1.8,"loop":1},{"id":59,"speed":1.8,"loop":1},{"id":60,"speed":1.8,"loop":1},{"id":59,"speed":1.8,"loop":1},{"id":60,"speed":1.8,"loop":1},{"id":61,"speed":1.8,"loop":1}]},{"id":9,"name":"KAKI MELINTANG","total_unit":1,"motion_unit":[{"id":123,"speed":1.0,"loop":1}]},{"id":10,"name":"CUCI TANGAN","total_unit":1,"motion_unit":[{"id":13,"speed":1.5,"loop":1}]},{"id":11,"name":"COBA SELESAI","total_unit":11,"motion_unit":[{"id":3,"speed":1.0,"loop":1},{"id":9,"speed":1.0,"loop":1},{"id":13,"speed":1.5,"loop":1},{"id":4,"speed":1.0,"loop":1},{"id":58,"speed":1.8,"loop":1},{"id":59,"speed":1.8,"loop":1},{"id":60,"speed":1.8,"loop":1},{"id":59,"speed":1.8,"loop":1},{"id":60,"speed":1.8,"loop":1},{"id":61,"speed":1.8,"loop":1},{"id":7,"speed":1.0,"loop":1}]},{"id":12,"name":"TEMPLATE JALAN 1.5","total_unit":4,"motion_unit":[{"id":58,"speed":1.5,"loop":1},{"id":59,"speed":1.5,"loop":1},{"id":60,"speed":1.5,"loop":1},{"id":61,"speed":1.5,"loop":1}]},{"id":13,"name":"TEMPLATE JALAN 1.7","total_unit":6,"motion_unit":[{"id":58,"speed":1.8,"loop":1},{"id":59,"speed":1.8,"loop":1},{"id":60,"speed":1.8,"loop":1},{"id":59,"speed":1.8,"loop":1},{"id":60,"speed":1.8,"loop":1},{"id":61,"speed":1.8,"loop":1}]},{"id":14,"name":"=== ZONA A ===","total_unit":3,"motion_unit":[{"id":17,"speed":1.0,"loop":3},{"id":18,"speed":1.0,"loop":1},{"id":19,"speed":1.0,"loop":1}]},{"id":15,"name":"SIBAK ATAS","total_unit":1,"motion_unit":[{"id":17,"speed":1.2,"loop":3}]},{"id":16,"name":"SIBAK ATAS V2","total_unit":1,"motion_unit":[{"id":6,"speed":0.8,"loop":2}]},{"id":17,"name":"SETELAH SALAM","total_unit":1,"motion_unit":[{"id":18,"speed":1.0,"loop":1}]},{"id":18,"name":"NGIBAS SLEBEW","total_unit":1,"motion_unit":[{"id":20,"speed":1.1,"loop":1}]},{"id":19,"name":"MALAM GEMBIRA","total_unit":1,"motion_unit":[{"id":21,"speed":1.0,"loop":1}]},{"id":20,"name":"MALAM GEMBIRA 2","total_unit":1,"motion_unit":[{"id":21,"speed":1.0,"loop":1}]},{"id":21,"name":"JALAN A2 NAIK","total_unit":6,"motion_unit":[{"id":58,"speed":1.8,"loop":1},{"id":75,"speed":1.8,"loop":1},{"id":77,"speed":1.8,"loop":1},{"id":59,"speed":1.8,"loop":1},{"id":60,"speed":1.8,"loop":1},{"id":61,"speed":1.8,"loop":1}]},{"id":22,"name":"=== ZONA B1 ===","total_unit":4,"motion_unit":[{"id":24,"speed":1.0,"loop":1},{"id":25,"speed":1.0,"loop":1},{"id":26,"speed":1.1,"loop":3},{"id":18,"speed":1.0,"loop":1}]},{"id":23,"name":"1/2 SETELAH SALAM B1","total_unit":1,"motion_unit":[{"id":24,"speed":1.0,"loop":1}]},{"id":24,"name":"FLIP FLIP B1","total_unit":1,"motion_unit":[{"id":25,"speed":1.0,"loop":1}]},{"id":25,"name":"KIRI PUTAR KANAN SIBAK","total_unit":1,"motion_unit":[{"id":26,"speed":1.1,"loop":3}]},{"id":26,"name":"SETELAH SALAM B1","total_unit":1,"motion_unit":[{"id":18,"speed":1.0,"loop":1}]},{"id":27,"name":"JALAN B1","total_unit":6,"motion_unit":[{"id":58,"speed":1.5,"loop":1},{"id":59,"speed":1.5,"loop":1},{"id":60,"speed":1.5,"loop":1},{"id":59,"speed":1.5,"loop":1},{"id":60,"speed":1.5,"loop":1},{"id":61,"speed":1.5,"loop":1}]},{"id":28,"name":"=== ZONA B2 ===","total_unit":3,"motion_unit":[{"id":29,"speed":1.0,"loop":1},{"id":30,"speed":1.0,"loop":1},{"id":34,"speed":1.0,"loop":1}]},{"id":29,"name":"SRISIG","total_unit":1,"motion_unit":[{"id":29,"speed":1.0,"loop":1}]},{"id":30,"name":"SRISIG 2","total_unit":1,"motion_unit":[{"id":29,"speed":1.0,"loop":1}]},{"id":31,"name":"ARM CYCLING","total_unit":1,"motion_unit":[{"id":31,"speed":1.0,"loop":1}]},{"id":32,"name":"1/2 SALAM B2","total_unit":1,"motion_unit":[{"id":24,"speed":1.0,"loop":1}]},{"id":33,"name":"TRANSISI B2","total_unit":1,"motion_unit":[{"id":33,"speed":1.0,"loop":1}]},{"id":34,"name":"FLIP FLIP B2","total_unit":1,"motion_unit":[{"id":34,"speed":1.0,"loop":1}]},{"id":35,"name":"JALAN B2 TURUN","total_unit":8,"motion_unit":[{"id":58,"speed":1.5,"loop":1},{"id":59,"speed":1.5,"loop":1},{"id":60,"speed":1.5,"loop":1},{"id":89,"speed":1.5,"loop":1},{"id":90,"speed":1.5,"loop":1},{"id":59,"speed":1.5,"loop":1},{"id":60,"speed":1.5,"loop":1},{"id":61,"speed":1.5,"loop":1}]},{"id":36,"name":"=====================","total_unit":4,"motion_unit":[{"id":90,"speed":1.5,"loop":1},{"id":59,"speed":1.5,"loop":1},{"id":62,"speed":1.5,"loop":1},{"id":61,"speed":1.5,"loop":1}]},{"id":37,"name":"=== ZONA C1 ===","total_unit":0,"motion_unit":[]},{"id":38,"name":"MENDAYU SYAHDU","total_unit":1,"motion_unit":[{"id":102,"speed":1.0,"loop":1}]},{"id":39,"name":"UKEL KARNA","total_unit":1,"motion_unit":[{"id":38,"speed":1.2,"loop":1}]},{"id":40,"name":"MEGOL DUDUK ","total_unit":1,"motion_unit":[{"id":41,"speed":1.0,"loop":1}]},{"id":41,"name":"MT TRANSISI","total_unit":1,"motion_unit":[{"id":42,"speed":1.0,"loop":1}]},{"id":42,"name":"JALAN C1","total_unit":7,"motion_unit":[{"id":69,"speed":1.5,"loop":1},{"id":70,"speed":1.5,"loop":1},{"id":71,"speed":1.5,"loop":1},{"id":70,"speed":1.5,"loop":1},{"id":71,"speed":1.5,"loop":1},{"id":72,"speed":1.5,"loop":1},{"id":93,"speed":1.0,"loop":1}]},{"id":43,"name":"=== ZONA AKHIR ===","total_unit":0,"motion_unit":[]},{"id":44,"name":"KIRI KANAN SIBAK","total_unit":1,"motion_unit":[{"id":26,"speed":1.0,"loop":1}]},{"id":45,"name":"SALAM PENUTUP","total_unit":1,"motion_unit":[{"id":45,"speed":1.0,"loop":1}]},{"id":46,"name":"LEPAS MASKER","total_unit":1,"motion_unit":[{"id":46,"speed":1.0,"loop":1}]},{"id":47,"name":"CUCI TANGAN 2","total_unit":1,"motion_unit":[{"id":47,"speed":1.0,"loop":1}]},{"id":48,"name":"FINAL POSE","total_unit":1,"motion_unit":[{"id":48,"speed":1.0,"loop":1}]},{"id":49,"name":"FINAL POSE DELAY","total_unit":1,"motion_unit":[{"id":49,"speed":1.0,"loop":20}]},{"id":50,"name":"====","total_unit":0,"motion_unit":[]},{"id":51,"name":"GAMBANG SEMARANG 2","total_unit":1,"motion_unit":[{"id":37,"speed":1.0,"loop":1}]},{"id":52,"name":"GAMBANG SEMARANG 1","total_unit":1,"motion_unit":[{"id":19,"speed":1.2,"loop":1}]},{"id":53,"name":"GAMBANG SEMARANG 3","total_unit":2,"motion_unit":[{"id":38,"speed":1.0,"loop":1},{"id":104,"speed":1.0,"loop":1}]},{"id":54,"name":"GAMBANG SEMARANG 4","total_unit":3,"motion_unit":[{"id":29,"speed":1.0,"loop":1},{"id":107,"speed":1.0,"loop":1},{"id":39,"speed":1.0,"loop":1}]},{"id":55,"name":"JINJIT LOOP","total_unit":1,"motion_unit":[{"id":119,"speed":1.1,"loop":2}]},{"id":56,"name":"MEKAR CYCLING","total_unit":1,"motion_unit":[{"id":112,"speed":1.1,"loop":1}]},{"id":57,"name":"TRANSISI B1","total_unit":1,"motion_unit":[{"id":114,"speed":1.0,"loop":1}]},{"id":58,"name":"Coba Belok Kiri","total_unit":6,"motion_unit":[{"id":69,"speed":1.5,"loop":1},{"id":83,"speed":1.5,"loop":1},{"id":85,"speed":1.5,"loop":1},{"id":84,"speed":1.5,"loop":1},{"id":86,"speed":1.5,"loop":1},{"id":72,"speed":1.5,"loop":1}]},{"id":59,"name":"COBA MEGOL","total_unit":1,"motion_unit":[{"id":133,"speed":1.4,"loop":1}]},{"id":60,"name":"coba angkat kaki","total_unit":1,"motion_unit":[{"id":122,"speed":1.1,"loop":1}]},{"id":61,"name":"2019","total_unit":1,"motion_unit":[{"id":122,"speed":1.0,"loop":1}]},{"id":62,"name":"KEMBANG KINCUP","total_unit":1,"motion_unit":[{"id":39,"speed":0.9,"loop":2}]},{"id":63,"name":"NGASAI TURUN","total_unit":1,"motion_unit":[{"id":136,"speed":1.0,"loop":1}]},{"id":64,"name":"KEBAK GANTI","total_unit":1,"motion_unit":[{"id":137,"speed":1.0,"loop":1}]},{"id":65,"name":"CLINGAK CLINGUK","total_unit":2,"motion_unit":[{"id":138,"speed":1.0,"loop":1},{"id":39,"speed":1.0,"loop":1}]},{"id":66,"name":"PARADE","total_unit":2,"motion_unit":[{"id":141,"speed":1.0,"loop":1},{"id":139,"speed":1.0,"loop":14}]},{"id":67,"name":"feather","total_unit":1,"motion_unit":[{"id":142,"speed":1.0,"loop":1}]},{"id":68,"name":"DADAH","total_unit":2,"motion_unit":[{"id":141,"speed":1.0,"loop":1},{"id":140,"speed":1.0,"loop":100}]}]}