{"id":1,"name":"NASIONAL EPIC COMEBACK","total_movie":24,"motion_movie":[{"id":1,"name":"START INIT"},{"id":6,"name":"GERAK PEMBUKA V2"},{"id":9,"name":"JALAN A1"},{"id":7,"name":"IRAMA GENDANG"},{"id":10,"name":"KAKI MELINTANG"},{"id":20,"name":"MALAM GEMBIRA"},{"id":22,"name":"JALAN A2 NAIK"},{"id":24,"name":"1/2 SETELAH SALAM B1"},{"id":58,"name":"TRANSISI B1"},{"id":57,"name":"MEKAR CYCLING"},{"id":27,"name":"SETELAH SALAM B1"},{"id":28,"name":"JALAN B1"},{"id":30,"name":"SRISIG"},{"id":32,"name":"ARM CYCLING"},{"id":34,"name":"TRANSISI B2"},{"id":36,"name":"JALAN B2 TURUN"},{"id":39,"name":"MENDAYU SYAHDU"},{"id":41,"name":"MEGOL DUDUK "},{"id":42,"name":"MT TRANSISI"},{"id":43,"name":"JALAN C1"},{"id":46,"name":"SALAM PENUTUP"},{"id":47,"name":"LEPAS MASKER"},{"id":48,"name":"CUCI TANGAN 2"},{"id":49,"name":"FINAL POSE"}]}