{"id":2,"name":"GERIGI","total_movie":26,"motion_movie":[{"id":1,"name":"START INIT"},{"id":6,"name":"GERAK PEMBUKA V2"},{"id":16,"name":"SIBAK ATAS"},{"id":7,"name":"IRAMA GENDANG"},{"id":31,"name":"SRISIG 2"},{"id":20,"name":"MALAM GEMBIRA"},{"id":19,"name":"NGIBAS SLEBEW"},{"id":24,"name":"1/2 SETELAH SALAM B1"},{"id":58,"name":"TRANSISI B1"},{"id":57,"name":"MEKAR CYCLING"},{"id":27,"name":"SETELAH SALAM B1"},{"id":64,"name":"NGASAI TURUN"},{"id":30,"name":"SRISIG"},{"id":21,"name":"MALAM GEMBIRA 2"},{"id":34,"name":"TRANSISI B2"},{"id":65,"name":"KEBAK GANTI"},{"id":39,"name":"MENDAYU SYAHDU"},{"id":41,"name":"MEGOL DUDUK "},{"id":42,"name":"MT TRANSISI"},{"id":66,"name":"CLINGAK CLINGUK"},{"id":46,"name":"SALAM PENUTUP"},{"id":47,"name":"LEPAS MASKER"},{"id":48,"name":"CUCI TANGAN 2"},{"id":49,"name":"FINAL POSE"},{"id":50,"name":"FINAL POSE DELAY"},{"id":67,"name":"PARADE"}]}