{"BUCKET":[{"id":0,"name":"REGIONAL EPIC COMEBACK","total_movie":24,"motion_movie":[{"id":2,"name":"START INIT"},{"id":39,"name":"Gerak Pembuka"},{"id":8,"name":"JALAN A1"},{"id":40,"name":"SIBAK ATAS"},{"id":41,"name":"SETELAH SALAM"},{"id":42,"name":"NGIBAS SLEBEW"},{"id":14,"name":"JALAN A2 NAIK"},{"id":16,"name":"1/2 SALAM B1"},{"id":17,"name":"TRANSISI B1"},{"id":18,"name":"MEKAR CYCLING"},{"id":19,"name":"SETELAH SALAM B1"},{"id":20,"name":"JALAN B1"},{"id":22,"name":"SRISIG"},{"id":24,"name":"ARM CYCLING"},{"id":25,"name":"TRANSISI B2"},{"id":26,"name":"JALAN B2 TURUN"},{"id":28,"name":"MENDAYU SYAHDU"},{"id":29,"name":"MEGOL DUDUK"},{"id":30,"name":"MT TRANSISI"},{"id":31,"name":"JALAN C1"},{"id":33,"name":"SALAM PENUTUP"},{"id":34,"name":"LEPAS MASKER"},{"id":35,"name":"CUCI TANGAN2"},{"id":36,"name":"FINAL POSE"}]},{"id":1,"name":"NASIONAL EPIC COMEBACK","total_movie":24,"motion_movie":[{"id":2,"name":"START INIT"},{"id":7,"name":"GERAK PEMBUKA V2"},{"id":8,"name":"JALAN A1"},{"id":10,"name":"IRAMA GENDANG V2"},{"id":11,"name":"KAKI MELINTANG"},{"id":12,"name":"MALAM GEMBIRA"},{"id":14,"name":"JALAN A2 NAIK"},{"id":16,"name":"1/2 SALAM B1"},{"id":17,"name":"TRANSISI B1"},{"id":18,"name":"MEKAR CYCLING"},{"id":19,"name":"SETELAH SALAM B1"},{"id":20,"name":"JALAN B1"},{"id":22,"name":"SRISIG"},{"id":24,"name":"ARM CYCLING"},{"id":25,"name":"TRANSISI B2"},{"id":26,"name":"JALAN B2 TURUN"},{"id":28,"name":"MENDAYU SYAHDU"},{"id":29,"name":"MEGOL DUDUK"},{"id":30,"name":"MT TRANSISI"},{"id":31,"name":"JALAN C1"},{"id":33,"name":"SALAM PENUTUP"},{"id":34,"name":"LEPAS MASKER"},{"id":35,"name":"CUCI TANGAN2"},{"id":36,"name":"FINAL POSE"}]},{"id":2,"name":"GERIGI","total_movie":26,"motion_movie":[{"id":2,"name":"START INIT"},{"id":7,"name":"GERAK PEMBUKA V2"},{"id":40,"name":"SIBAK ATAS"},{"id":10,"name":"IRAMA GENDANG V2"},{"id":23,"name":"SRISIG 2"},{"id":12,"name":"MALAM GEMBIRA"},{"id":42,"name":"NGIBAS SLEBEW"},{"id":16,"name":"1/2 SALAM B1"},{"id":17,"name":"TRANSISI B1"},{"id":18,"name":"MEKAR CYCLING"},{"id":19,"name":"SETELAH SALAM B1"},{"id":43,"name":"NGASAI TURUN"},{"id":22,"name":"SRISIG"},{"id":13,"name":"MALAM GEMBIRA 2"},{"id":25,"name":"TRANSISI B2"},{"id":44,"name":"KEBAK GANTI"},{"id":28,"name":"MENDAYU SYAHDU"},{"id":29,"name":"MEGOL DUDUK"},{"id":30,"name":"MT TRANSISI"},{"id":46,"name":"CLINGAK CLINGUK"},{"id":33,"name":"SALAM PENUTUP"},{"id":34,"name":"LEPAS MASKER"},{"id":35,"name":"CUCI TANGAN2"},{"id":36,"name":"FINAL POSE"},{"id":37,"name":"FINAL POSE DELAY"},{"id":47,"name":"PARADE"}]},{"id":3,"name":"RUNNING TEST","total_movie":12,"motion_movie":[{"id":2,"name":"START INIT"},{"id":8,"name":"JALAN A1"},{"id":11,"name":"KAKI MELINTANG"},{"id":3,"name":"INIT 2"},{"id":14,"name":"JALAN A2 NAIK"},{"id":4,"name":"INIT 3"},{"id":20,"name":"JALAN B1"},{"id":24,"name":"ARM CYCLING"},{"id":5,"name":"INIT 4"},{"id":26,"name":"JALAN B2 TURUN"},{"id":6,"name":"INIT 5"},{"id":31,"name":"JALAN C1"}]},{"id":4,"name":"UKM","total_movie":2,"motion_movie":[{"id":2,"name":"START INIT"},{"id":47,"name":"PARADE"}]}]}