{"MOVIE":[{"id":0,"name":"==== ZONA MULAI ====","total_unit":0,"motion_unit":[]},{"id":1,"name":"START INIT","total_unit":1,"motion_unit":[{"id":1,"speed":1.0,"loop":1}]},{"id":2,"name":"INIT 2","total_unit":1,"motion_unit":[{"id":1,"speed":1.0,"loop":1}]},{"id":3,"name":"INIT 3","total_unit":1,"motion_unit":[{"id":1,"speed":1.0,"loop":1}]},{"id":4,"name":"INIT 4","total_unit":1,"motion_unit":[{"id":1,"speed":1.0,"loop":1}]},{"id":5,"name":"INIT 5","total_unit":1,"motion_unit":[{"id":1,"speed":1.0,"loop":1}]},{"id":6,"name":"GERAK PEMBUKA V2","total_unit":4,"motion_unit":[{"id":2,"speed":1.0,"loop":1},{"id":3,"speed":1.0,"loop":1},{"id":4,"speed":1.5,"loop":1},{"id":5,"speed":1.0,"loop":1}]},{"id":7,"name":"JALAN A1","total_unit":6,"motion_unit":[{"id":37,"speed":1.8,"loop":1},{"id":38,"speed":1.8,"loop":1},{"id":39,"speed":1.8,"loop":1},{"id":38,"speed":1.8,"loop":1},{"id":39,"speed":1.8,"loop":1},{"id":40,"speed":1.8,"loop":1}]},{"id":8,"name":"==== ZONA A ====","total_unit":0,"motion_unit":[]},{"id":9,"name":"IRAMA GENDANG V2","total_unit":1,"motion_unit":[{"id":7,"speed":1.0,"loop":1}]},{"id":10,"name":"KAKI MELINTANG","total_unit":1,"motion_unit":[{"id":8,"speed":1.0,"loop":1}]},{"id":11,"name":"MALAM GEMBIRA","total_unit":1,"motion_unit":[{"id":9,"speed":1.0,"loop":1}]},{"id":12,"name":"MALAM GEMBIRA 2","total_unit":1,"motion_unit":[{"id":9,"speed":1.0,"loop":1}]},{"id":13,"name":"JALAN A2 NAIK","total_unit":6,"motion_unit":[{"id":37,"speed":1.8,"loop":1},{"id":38,"speed":1.8,"loop":1},{"id":39,"speed":1.8,"loop":1},{"id":38,"speed":1.8,"loop":1},{"id":39,"speed":1.8,"loop":1},{"id":40,"speed":1.8,"loop":1}]},{"id":14,"name":"==== ZONA B1 ====","total_unit":0,"motion_unit":[]},{"id":15,"name":"1/2 SALAM B1","total_unit":1,"motion_unit":[{"id":11,"speed":1.0,"loop":1}]},{"id":16,"name":"TRANSISI B1","total_unit":1,"motion_unit":[{"id":12,"speed":1.0,"loop":1}]},{"id":17,"name":"MEKAR CYCLING","total_unit":1,"motion_unit":[{"id":13,"speed":1.1,"loop":1}]},{"id":18,"name":"SETELAH SALAM B1","total_unit":1,"motion_unit":[{"id":14,"speed":1.0,"loop":1}]},{"id":19,"name":"JALAN B1","total_unit":6,"motion_unit":[{"id":37,"speed":1.5,"loop":1},{"id":38,"speed":1.5,"loop":1},{"id":39,"speed":1.5,"loop":1},{"id":38,"speed":1.5,"loop":1},{"id":39,"speed":1.5,"loop":1},{"id":40,"speed":1.5,"loop":1}]},{"id":20,"name":"==== ZONA B2 ====","total_unit":0,"motion_unit":[]},{"id":21,"name":"SRISIG","total_unit":1,"motion_unit":[{"id":16,"speed":1.0,"loop":1}]},{"id":22,"name":"SRISIG 2","total_unit":1,"motion_unit":[{"id":16,"speed":1.0,"loop":1}]},{"id":23,"name":"ARM CYCLING","total_unit":1,"motion_unit":[{"id":17,"speed":1.0,"loop":1}]},{"id":24,"name":"TRANSISI B2","total_unit":1,"motion_unit":[{"id":18,"speed":1.0,"loop":1}]},{"id":25,"name":"JALAN B2 TURUN","total_unit":8,"motion_unit":[{"id":37,"speed":1.5,"loop":1},{"id":38,"speed":1.5,"loop":1},{"id":39,"speed":1.5,"loop":1},{"id":38,"speed":1.5,"loop":1},{"id":39,"speed":1.5,"loop":1},{"id":38,"speed":1.5,"loop":1},{"id":39,"speed":1.5,"loop":1},{"id":40,"speed":1.5,"loop":1}]},{"id":26,"name":"==== ZONA C ====","total_unit":0,"motion_unit":[]},{"id":27,"name":"MENDAYU SYAHDU","total_unit":1,"motion_unit":[{"id":21,"speed":1.0,"loop":1}]},{"id":28,"name":"MEGOL DUDUK","total_unit":1,"motion_unit":[{"id":23,"speed":1.0,"loop":1}]},{"id":29,"name":"MT TRANSISI","total_unit":1,"motion_unit":[{"id":24,"speed":1.0,"loop":1}]},{"id":30,"name":"JALAN C1","total_unit":7,"motion_unit":[{"id":41,"speed":1.5,"loop":1},{"id":42,"speed":1.5,"loop":1},{"id":43,"speed":1.5,"loop":1},{"id":42,"speed":1.5,"loop":1},{"id":43,"speed":1.5,"loop":1},{"id":44,"speed":1.5,"loop":1},{"id":20,"speed":1.0,"loop":1}]},{"id":31,"name":"== ZONA AKHIR ==","total_unit":0,"motion_unit":[]},{"id":32,"name":"SALAM PENUTUP","total_unit":1,"motion_unit":[{"id":26,"speed":1.0,"loop":1}]},{"id":33,"name":"LEPAS MASKER","total_unit":1,"motion_unit":[{"id":27,"speed":1.0,"loop":1}]},{"id":34,"name":"CUCI TANGAN2","total_unit":1,"motion_unit":[{"id":28,"speed":1.0,"loop":1}]},{"id":35,"name":"FINAL POSE","total_unit":1,"motion_unit":[{"id":29,"speed":1.0,"loop":1}]},{"id":36,"name":"FINAL POSE DELAY","total_unit":1,"motion_unit":[{"id":30,"speed":1.0,"loop":20}]},{"id":37,"name":"==== SELESAI ====","total_unit":0,"motion_unit":[]},{"id":38,"name":"Gerak Pembuka","total_unit":5,"motion_unit":[{"id":2,"speed":1.0,"loop":1},{"id":59,"speed":1.2,"loop":1},{"id":48,"speed":1.0,"loop":1},{"id":61,"speed":1.0,"loop":1},{"id":60,"speed":1.0,"loop":1}]},{"id":39,"name":"SIBAK ATAS","total_unit":1,"motion_unit":[{"id":62,"speed":1.2,"loop":3}]},{"id":40,"name":"SETELAH SALAM","total_unit":1,"motion_unit":[{"id":14,"speed":1.0,"loop":1}]},{"id":41,"name":"NGIBAS SLEBEW","total_unit":1,"motion_unit":[{"id":63,"speed":1.1,"loop":1}]},{"id":42,"name":"NGASAI TURUN","total_unit":1,"motion_unit":[{"id":70,"speed":1.0,"loop":1}]},{"id":43,"name":"KEBAK GANTI","total_unit":1,"motion_unit":[{"id":71,"speed":1.0,"loop":1}]},{"id":44,"name":"KEMBANG KINCUP","total_unit":1,"motion_unit":[{"id":65,"speed":0.9,"loop":2}]},{"id":45,"name":"CLINGAK CLINGUK","total_unit":2,"motion_unit":[{"id":72,"speed":1.0,"loop":1},{"id":65,"speed":1.0,"loop":1}]},{"id":46,"name":"PARADE","total_unit":2,"motion_unit":[{"id":75,"speed":1.0,"loop":1},{"id":73,"speed":1.0,"loop":14}]},{"id":47,"name":"DADAH","total_unit":2,"motion_unit":[{"id":75,"speed":1.0,"loop":1},{"id":74,"speed":1.0,"loop":100}]},{"id":48,"name":"feather","total_unit":1,"motion_unit":[{"id":76,"speed":1.0,"loop":1}]}]}